,time,action,protocol,src-ip,dst-ip,src-port,dst-port,size,tcpflags,tcpsyn,tcpack,tcpwin,icmptype,icmpcode,path
0,21:45:24,ALLOW,ICMP,192.168.91.128,192.168.91.1,,,0,,,,,8,0,RECEIVE
1,21:45:25,ALLOW,ICMP,192.168.91.128,192.168.91.1,,,0,,,,,8,0,RECEIVE
2,21:45:26,ALLOW,ICMP,192.168.91.128,192.168.91.1,,,0,,,,,8,0,RECEIVE
3,21:45:27,ALLOW,ICMP,192.168.91.128,192.168.91.1,,,0,,,,,8,0,RECEIVE
4,21:45:28,ALLOW,ICMP,192.168.91.128,192.168.91.1,,,0,,,,,8,0,RECEIVE
5,21:45:29,ALLOW,ICMP,192.168.91.128,192.168.91.1,,,0,,,,,8,0,RECEIVE
6,21:45:30,ALLOW,ICMP,192.168.91.128,192.168.91.1,,,0,,,,,8,0,RECEIVE
7,21:45:31,ALLOW,ICMP,192.168.91.128,192.168.91.1,,,0,,,,,8,0,RECEIVE
8,21:45:32,ALLOW,ICMP,192.168.91.128,192.168.91.1,,,0,,,,,8,0,RECEIVE
9,21:45:33,ALLOW,ICMP,192.168.91.128,192.168.91.1,,,0,,,,,8,0,RECEIVE
10,21:45:34,ALLOW,ICMP,192.168.91.128,192.168.91.1,,,0,,,,,8,0,RECEIVE
11,21:45:35,ALLOW,ICMP,192.168.91.128,192.168.91.1,,,0,,,,,8,0,RECEIVE
12,21:45:36,ALLOW,ICMP,192.168.91.128,192.168.91.1,,,0,,,,,8,0,RECEIVE
13,21:45:37,ALLOW,ICMP,192.168.91.128,192.168.91.1,,,0,,,,,8,0,RECEIVE
14,21:45:38,ALLOW,ICMP,192.168.91.128,192.168.91.1,,,0,,,,,8,0,RECEIVE
15,21:45:39,ALLOW,ICMP,192.168.91.128,192.168.91.1,,,0,,,,,8,0,RECEIVE
16,21:45:41,ALLOW,ICMP,192.168.91.128,192.168.91.1,,,0,,,,,8,0,RECEIVE
17,21:45:42,ALLOW,ICMP,192.168.91.128,192.168.91.1,,,0,,,,,8,0,RECEIVE
18,21:45:43,ALLOW,ICMP,192.168.91.128,192.168.91.1,,,0,,,,,8,0,RECEIVE
19,21:45:44,ALLOW,ICMP,192.168.91.128,192.168.91.1,,,0,,,,,8,0,RECEIVE
20,21:45:45,ALLOW,ICMP,192.168.91.128,192.168.91.1,,,0,,,,,8,0,RECEIVE
21,21:45:46,ALLOW,ICMP,192.168.91.128,192.168.91.1,,,0,,,,,8,0,RECEIVE
22,21:45:47,ALLOW,ICMP,192.168.91.128,192.168.91.1,,,0,,,,,8,0,RECEIVE
23,21:45:48,ALLOW,ICMP,192.168.91.128,192.168.91.1,,,0,,,,,8,0,RECEIVE
24,21:45:49,ALLOW,ICMP,192.168.91.128,192.168.91.1,,,0,,,,,8,0,RECEIVE
25,21:45:50,ALLOW,ICMP,192.168.91.128,192.168.91.1,,,0,,,,,8,0,RECEIVE
26,21:45:51,ALLOW,ICMP,192.168.91.128,192.168.91.1,,,0,,,,,8,0,RECEIVE
27,21:45:52,ALLOW,ICMP,192.168.91.128,192.168.91.1,,,0,,,,,8,0,RECEIVE
28,21:45:53,ALLOW,ICMP,192.168.91.128,192.168.91.1,,,0,,,,,8,0,RECEIVE
29,21:45:54,ALLOW,ICMP,192.168.91.128,192.168.91.1,,,0,,,,,8,0,RECEIVE
30,21:45:55,ALLOW,ICMP,192.168.91.128,192.168.91.1,,,0,,,,,8,0,RECEIVE
31,21:45:56,ALLOW,ICMP,192.168.91.128,192.168.91.1,,,0,,,,,8,0,RECEIVE
32,21:45:57,ALLOW,ICMP,192.168.91.128,192.168.91.1,,,0,,,,,8,0,RECEIVE
33,21:45:58,ALLOW,ICMP,192.168.91.128,192.168.91.1,,,0,,,,,8,0,RECEIVE
34,21:45:59,ALLOW,ICMP,192.168.91.128,192.168.91.1,,,0,,,,,8,0,RECEIVE
35,21:46:00,ALLOW,ICMP,192.168.91.128,192.168.91.1,,,0,,,,,8,0,RECEIVE
36,21:46:01,ALLOW,ICMP,192.168.91.128,192.168.91.1,,,0,,,,,8,0,RECEIVE
37,21:46:02,ALLOW,ICMP,192.168.91.128,192.168.91.1,,,0,,,,,8,0,RECEIVE
38,21:46:03,ALLOW,ICMP,192.168.91.128,192.168.91.1,,,0,,,,,8,0,RECEIVE
39,21:46:04,ALLOW,ICMP,192.168.91.128,192.168.91.1,,,0,,,,,8,0,RECEIVE
40,21:46:05,ALLOW,ICMP,192.168.91.128,192.168.91.1,,,0,,,,,8,0,RECEIVE
41,21:46:06,ALLOW,ICMP,192.168.91.128,192.168.91.1,,,0,,,,,8,0,RECEIVE
42,21:46:07,ALLOW,ICMP,192.168.91.128,192.168.91.1,,,0,,,,,8,0,RECEIVE
43,21:46:08,ALLOW,ICMP,192.168.91.128,192.168.91.1,,,0,,,,,8,0,RECEIVE
44,21:46:09,ALLOW,ICMP,192.168.91.128,192.168.91.1,,,0,,,,,8,0,RECEIVE
45,21:46:10,ALLOW,ICMP,192.168.91.128,192.168.91.1,,,0,,,,,8,0,RECEIVE
46,21:46:11,ALLOW,ICMP,192.168.91.128,192.168.91.1,,,0,,,,,8,0,RECEIVE
47,21:46:12,ALLOW,ICMP,192.168.91.128,192.168.91.1,,,0,,,,,8,0,RECEIVE
48,21:46:13,ALLOW,ICMP,192.168.91.128,192.168.91.1,,,0,,,,,8,0,RECEIVE
49,21:46:14,ALLOW,ICMP,192.168.91.128,192.168.91.1,,,0,,,,,8,0,RECEIVE
50,21:46:15,ALLOW,ICMP,192.168.91.128,192.168.91.1,,,0,,,,,8,0,RECEIVE
51,21:46:16,ALLOW,ICMP,192.168.91.128,192.168.91.1,,,0,,,,,8,0,RECEIVE
52,21:46:17,ALLOW,ICMP,192.168.91.128,192.168.91.1,,,0,,,,,8,0,RECEIVE
53,21:46:18,ALLOW,ICMP,192.168.91.128,192.168.91.1,,,0,,,,,8,0,RECEIVE
54,21:46:20,ALLOW,ICMP,192.168.91.128,192.168.91.1,,,0,,,,,8,0,RECEIVE
55,21:46:21,ALLOW,ICMP,192.168.91.128,192.168.91.1,,,0,,,,,8,0,RECEIVE
56,21:46:22,ALLOW,ICMP,192.168.91.128,192.168.91.1,,,0,,,,,8,0,RECEIVE
57,21:46:23,ALLOW,ICMP,192.168.91.128,192.168.91.1,,,0,,,,,8,0,RECEIVE
58,21:46:24,ALLOW,ICMP,192.168.91.128,192.168.91.1,,,0,,,,,8,0,RECEIVE
59,21:46:25,ALLOW,ICMP,192.168.91.128,192.168.91.1,,,0,,,,,8,0,RECEIVE
60,21:46:26,ALLOW,ICMP,192.168.91.128,192.168.91.1,,,0,,,,,8,0,RECEIVE
61,21:46:27,ALLOW,ICMP,192.168.91.128,192.168.91.1,,,0,,,,,8,0,RECEIVE
62,21:46:28,ALLOW,ICMP,192.168.91.128,192.168.91.1,,,0,,,,,8,0,RECEIVE
63,21:46:29,ALLOW,ICMP,192.168.91.128,192.168.91.1,,,0,,,,,8,0,RECEIVE
64,21:46:30,ALLOW,ICMP,192.168.91.128,192.168.91.1,,,0,,,,,8,0,RECEIVE
65,21:47:09,ALLOW,UDP,192.168.91.15,224.0.0.251,5353,5353,0,,,,,,,RECEIVE
66,21:47:09,ALLOW,UDP,fe80::614b:c1e6:9f0e:2100,ff02::fb,5353,5353,0,,,,,,,RECEIVE
67,21:47:11,DROP,UDP,192.168.91.15,239.255.255.250,52022,1900,153,,,,,,,RECEIVE
68,21:47:11,DROP,UDP,192.168.91.15,239.255.255.250,52022,1900,153,,,,,,,RECEIVE
69,21:47:16,DROP,UDP,192.168.91.15,239.255.255.250,49404,1900,203,,,,,,,RECEIVE
70,21:47:17,DROP,UDP,192.168.91.15,239.255.255.250,49409,1900,198,,,,,,,RECEIVE
71,21:47:17,DROP,UDP,192.168.91.15,239.255.255.250,49404,1900,203,,,,,,,RECEIVE
72,21:47:18,DROP,UDP,192.168.91.15,239.255.255.250,49404,1900,203,,,,,,,RECEIVE
73,21:47:18,DROP,UDP,192.168.91.15,239.255.255.250,49409,1900,198,,,,,,,RECEIVE
74,21:47:18,DROP,UDP,192.168.91.15,239.255.255.250,49409,1900,198,,,,,,,RECEIVE
75,21:47:18,DROP,UDP,192.168.91.15,239.255.255.250,49404,1900,203,,,,,,,RECEIVE
76,21:47:18,DROP,UDP,192.168.91.15,239.255.255.250,49404,1900,203,,,,,,,RECEIVE
77,21:47:19,DROP,UDP,192.168.91.15,239.255.255.250,49409,1900,198,,,,,,,RECEIVE
78,21:47:19,DROP,UDP,192.168.91.15,239.255.255.250,49409,1900,198,,,,,,,RECEIVE
79,21:47:19,DROP,UDP,192.168.91.15,239.255.255.250,49404,1900,203,,,,,,,RECEIVE
80,21:47:20,DROP,UDP,192.168.91.15,239.255.255.250,49404,1900,203,,,,,,,RECEIVE
81,21:47:20,DROP,UDP,192.168.91.15,239.255.255.250,49409,1900,198,,,,,,,RECEIVE
82,21:47:20,DROP,UDP,192.168.91.15,239.255.255.250,49409,1900,198,,,,,,,RECEIVE
83,21:49:09,ALLOW,UDP,192.168.91.15,224.0.0.251,5353,5353,0,,,,,,,RECEIVE
84,21:49:11,DROP,UDP,192.168.91.15,239.255.255.250,52022,1900,153,,,,,,,RECEIVE
85,21:49:16,DROP,UDP,192.168.91.15,239.255.255.250,55293,1900,203,,,,,,,RECEIVE
86,21:49:17,DROP,UDP,192.168.91.15,239.255.255.250,55298,1900,198,,,,,,,RECEIVE
87,21:49:18,DROP,UDP,192.168.91.15,239.255.255.250,55293,1900,203,,,,,,,RECEIVE
88,21:49:18,DROP,UDP,192.168.91.15,239.255.255.250,55293,1900,203,,,,,,,RECEIVE
89,21:49:18,DROP,UDP,192.168.91.15,239.255.255.250,55298,1900,198,,,,,,,RECEIVE
90,21:49:18,DROP,UDP,192.168.91.15,239.255.255.250,55298,1900,198,,,,,,,RECEIVE
91,21:49:19,DROP,UDP,192.168.91.15,239.255.255.250,55293,1900,203,,,,,,,RECEIVE
92,21:49:19,DROP,UDP,192.168.91.15,239.255.255.250,55293,1900,203,,,,,,,RECEIVE
93,21:49:19,DROP,UDP,192.168.91.15,239.255.255.250,55298,1900,198,,,,,,,RECEIVE
94,21:49:19,DROP,UDP,192.168.91.15,239.255.255.250,55298,1900,198,,,,,,,RECEIVE
95,21:49:20,DROP,UDP,192.168.91.15,239.255.255.250,55293,1900,203,,,,,,,RECEIVE
96,21:49:20,DROP,UDP,192.168.91.15,239.255.255.250,55293,1900,203,,,,,,,RECEIVE
97,21:49:20,DROP,UDP,192.168.91.15,239.255.255.250,55298,1900,198,,,,,,,RECEIVE
98,21:49:20,DROP,UDP,192.168.91.15,239.255.255.250,55298,1900,198,,,,,,,RECEIVE
99,21:51:09,ALLOW,UDP,192.168.91.15,224.0.0.251,5353,5353,0,,,,,,,RECEIVE
100,21:51:11,DROP,UDP,192.168.91.15,239.255.255.250,52022,1900,153,,,,,,,RECEIVE
101,21:51:11,DROP,UDP,192.168.91.15,239.255.255.250,52022,1900,153,,,,,,,RECEIVE
102,21:51:17,DROP,UDP,192.168.91.15,239.255.255.250,55786,1900,203,,,,,,,RECEIVE
103,21:51:17,DROP,UDP,192.168.91.15,239.255.255.250,55791,1900,198,,,,,,,RECEIVE
104,21:51:18,DROP,UDP,192.168.91.15,239.255.255.250,55786,1900,203,,,,,,,RECEIVE
105,21:51:18,DROP,UDP,192.168.91.15,239.255.255.250,55786,1900,203,,,,,,,RECEIVE
106,21:51:18,DROP,UDP,192.168.91.15,239.255.255.250,55791,1900,198,,,,,,,RECEIVE
107,21:51:18,DROP,UDP,192.168.91.15,239.255.255.250,55791,1900,198,,,,,,,RECEIVE
108,21:51:19,DROP,UDP,192.168.91.15,239.255.255.250,55786,1900,203,,,,,,,RECEIVE
109,21:51:19,DROP,UDP,192.168.91.15,239.255.255.250,55786,1900,203,,,,,,,RECEIVE
110,21:51:19,DROP,UDP,192.168.91.15,239.255.255.250,55791,1900,198,,,,,,,RECEIVE
111,21:51:19,DROP,UDP,192.168.91.15,239.255.255.250,55791,1900,198,,,,,,,RECEIVE
112,21:51:20,DROP,UDP,192.168.91.15,239.255.255.250,55786,1900,203,,,,,,,RECEIVE
113,21:51:20,DROP,UDP,192.168.91.15,239.255.255.250,55786,1900,203,,,,,,,RECEIVE
114,21:51:20,DROP,UDP,192.168.91.15,239.255.255.250,55791,1900,198,,,,,,,RECEIVE
115,21:51:20,DROP,UDP,192.168.91.15,239.255.255.250,55791,1900,198,,,,,,,RECEIVE
116,21:52:29,ALLOW,ICMP,192.168.91.128,192.168.91.1,,,0,,,,,8,0,RECEIVE
117,21:52:30,ALLOW,ICMP,192.168.91.128,192.168.91.1,,,0,,,,,8,0,RECEIVE
118,21:52:31,ALLOW,ICMP,192.168.91.128,192.168.91.1,,,0,,,,,8,0,RECEIVE
119,21:52:56,DROP,UDP,192.168.91.15,239.255.255.250,52363,1900,165,,,,,,,RECEIVE
120,21:53:00,DROP,UDP,192.168.91.15,239.255.255.250,52363,1900,165,,,,,,,RECEIVE
121,21:53:03,DROP,UDP,192.168.91.15,239.255.255.250,52363,1900,165,,,,,,,RECEIVE
122,21:53:09,ALLOW,UDP,192.168.91.15,224.0.0.251,5353,5353,0,,,,,,,RECEIVE
123,21:53:09,ALLOW,UDP,fe80::614b:c1e6:9f0e:2100,ff02::fb,5353,5353,0,,,,,,,RECEIVE
124,21:53:11,DROP,UDP,192.168.91.15,239.255.255.250,52022,1900,153,,,,,,,RECEIVE
125,21:53:17,DROP,UDP,192.168.91.15,239.255.255.250,49855,1900,203,,,,,,,RECEIVE
126,21:53:17,DROP,UDP,192.168.91.15,239.255.255.250,62270,1900,198,,,,,,,RECEIVE
127,21:53:18,DROP,UDP,192.168.91.15,239.255.255.250,49855,1900,203,,,,,,,RECEIVE
128,21:53:18,DROP,UDP,192.168.91.15,239.255.255.250,49855,1900,203,,,,,,,RECEIVE
129,21:53:18,DROP,UDP,192.168.91.15,239.255.255.250,62270,1900,198,,,,,,,RECEIVE
130,21:53:18,DROP,UDP,192.168.91.15,239.255.255.250,62270,1900,198,,,,,,,RECEIVE
131,21:53:19,DROP,UDP,192.168.91.15,239.255.255.250,49855,1900,203,,,,,,,RECEIVE
132,21:53:19,DROP,UDP,192.168.91.15,239.255.255.250,49855,1900,203,,,,,,,RECEIVE
133,21:53:19,DROP,UDP,192.168.91.15,239.255.255.250,62270,1900,198,,,,,,,RECEIVE
134,21:53:19,DROP,UDP,192.168.91.15,239.255.255.250,62270,1900,198,,,,,,,RECEIVE
135,21:53:20,DROP,UDP,192.168.91.15,239.255.255.250,49855,1900,203,,,,,,,RECEIVE
136,21:53:20,DROP,UDP,192.168.91.15,239.255.255.250,49855,1900,203,,,,,,,RECEIVE
137,21:53:20,DROP,UDP,192.168.91.15,239.255.255.250,62270,1900,198,,,,,,,RECEIVE
138,21:53:20,DROP,UDP,192.168.91.15,239.255.255.250,62270,1900,198,,,,,,,RECEIVE
139,21:53:25,DROP,TCP,192.168.91.128,192.168.91.1,60526,135,60,S,1496973828,0,64240,,,RECEIVE
140,21:53:29,DROP,TCP,192.168.91.128,192.168.91.1,50288,139,60,S,1852452810,0,64240,,,RECEIVE
141,21:55:09,ALLOW,UDP,fe80::614b:c1e6:9f0e:2100,ff02::fb,5353,5353,0,,,,,,,RECEIVE
142,21:55:11,DROP,UDP,192.168.91.15,239.255.255.250,52022,1900,153,,,,,,,RECEIVE
143,21:55:16,DROP,UDP,192.168.91.15,239.255.255.250,62792,1900,203,,,,,,,RECEIVE
144,21:55:17,DROP,UDP,192.168.91.15,239.255.255.250,62797,1900,198,,,,,,,RECEIVE
145,21:55:17,DROP,UDP,192.168.91.15,239.255.255.250,62792,1900,203,,,,,,,RECEIVE
146,21:55:18,DROP,UDP,192.168.91.15,239.255.255.250,62792,1900,203,,,,,,,RECEIVE
147,21:55:18,DROP,UDP,192.168.91.15,239.255.255.250,62797,1900,198,,,,,,,RECEIVE
148,21:55:18,DROP,UDP,192.168.91.15,239.255.255.250,62797,1900,198,,,,,,,RECEIVE
149,21:55:18,DROP,UDP,192.168.91.15,239.255.255.250,62792,1900,203,,,,,,,RECEIVE
150,21:55:19,DROP,UDP,192.168.91.15,239.255.255.250,62792,1900,203,,,,,,,RECEIVE
151,21:55:19,DROP,UDP,192.168.91.15,239.255.255.250,62797,1900,198,,,,,,,RECEIVE
152,21:55:19,DROP,UDP,192.168.91.15,239.255.255.250,62797,1900,198,,,,,,,RECEIVE
153,21:55:20,DROP,UDP,192.168.91.15,239.255.255.250,62792,1900,203,,,,,,,RECEIVE
154,21:55:20,DROP,UDP,192.168.91.15,239.255.255.250,62792,1900,203,,,,,,,RECEIVE
155,21:55:20,DROP,UDP,192.168.91.15,239.255.255.250,62797,1900,198,,,,,,,RECEIVE
156,21:55:20,DROP,UDP,192.168.91.15,239.255.255.250,62797,1900,198,,,,,,,RECEIVE
157,21:57:09,ALLOW,UDP,fe80::614b:c1e6:9f0e:2100,ff02::fb,5353,5353,0,,,,,,,RECEIVE
158,21:57:11,DROP,UDP,192.168.91.15,239.255.255.250,52022,1900,153,,,,,,,RECEIVE
159,21:57:11,DROP,UDP,192.168.91.15,239.255.255.250,52022,1900,153,,,,,,,RECEIVE
160,21:57:17,DROP,UDP,192.168.91.15,239.255.255.250,57242,1900,203,,,,,,,RECEIVE
161,21:57:17,DROP,UDP,192.168.91.15,239.255.255.250,57247,1900,198,,,,,,,RECEIVE
162,21:57:18,DROP,UDP,192.168.91.15,239.255.255.250,57242,1900,203,,,,,,,RECEIVE
163,21:57:18,DROP,UDP,192.168.91.15,239.255.255.250,57242,1900,203,,,,,,,RECEIVE
164,21:57:18,DROP,UDP,192.168.91.15,239.255.255.250,57247,1900,198,,,,,,,RECEIVE
165,21:57:18,DROP,UDP,192.168.91.15,239.255.255.250,57247,1900,198,,,,,,,RECEIVE
166,21:57:19,DROP,UDP,192.168.91.15,239.255.255.250,57242,1900,203,,,,,,,RECEIVE
167,21:57:19,DROP,UDP,192.168.91.15,239.255.255.250,57242,1900,203,,,,,,,RECEIVE
168,21:57:19,DROP,UDP,192.168.91.15,239.255.255.250,57247,1900,198,,,,,,,RECEIVE
169,21:57:19,DROP,UDP,192.168.91.15,239.255.255.250,57247,1900,198,,,,,,,RECEIVE
170,21:57:20,DROP,UDP,192.168.91.15,239.255.255.250,57242,1900,203,,,,,,,RECEIVE
171,21:57:20,DROP,UDP,192.168.91.15,239.255.255.250,57242,1900,203,,,,,,,RECEIVE
172,21:57:20,DROP,UDP,192.168.91.15,239.255.255.250,57247,1900,198,,,,,,,RECEIVE
173,21:57:20,DROP,UDP,192.168.91.15,239.255.255.250,57247,1900,198,,,,,,,RECEIVE
174,21:58:35,DROP,TCP,192.168.91.128,192.168.91.1,48662,445,60,S,1486298449,0,64240,,,RECEIVE
175,21:58:36,DROP,TCP,192.168.91.128,192.168.91.1,48662,445,60,S,1486298449,0,64240,,,RECEIVE
176,21:59:09,ALLOW,UDP,192.168.91.15,224.0.0.251,5353,5353,0,,,,,,,RECEIVE
177,21:59:11,DROP,UDP,192.168.91.15,239.255.255.250,52022,1900,153,,,,,,,RECEIVE
178,21:59:17,DROP,UDP,192.168.91.15,192.168.91.255,137,137,78,,,,,,,RECEIVE
179,21:59:17,DROP,UDP,192.168.91.15,239.255.255.250,51501,1900,198,,,,,,,RECEIVE
180,21:59:17,DROP,UDP,192.168.91.15,192.168.91.255,137,137,78,,,,,,,RECEIVE
181,21:59:17,DROP,UDP,fe80::614b:c1e6:9f0e:2100,ff02::1:3,57059,5355,70,,,,,,,RECEIVE
182,21:59:17,DROP,UDP,192.168.91.15,224.0.0.252,57059,5355,50,,,,,,,RECEIVE
183,21:59:18,DROP,UDP,192.168.91.15,239.255.255.250,51501,1900,198,,,,,,,RECEIVE
184,21:59:18,DROP,UDP,192.168.91.15,239.255.255.250,61486,1900,203,,,,,,,RECEIVE
185,21:59:18,DROP,UDP,192.168.91.15,192.168.91.255,137,137,78,,,,,,,RECEIVE
186,21:59:19,DROP,UDP,192.168.91.15,239.255.255.250,61486,1900,203,,,,,,,RECEIVE
187,21:59:19,DROP,UDP,192.168.91.15,239.255.255.250,51501,1900,198,,,,,,,RECEIVE
188,21:59:19,DROP,UDP,192.168.91.15,239.255.255.250,51501,1900,198,,,,,,,RECEIVE
189,21:59:19,DROP,UDP,192.168.91.15,192.168.91.255,137,137,78,,,,,,,RECEIVE
190,21:59:20,DROP,UDP,192.168.91.15,239.255.255.250,61486,1900,203,,,,,,,RECEIVE
191,21:59:20,DROP,UDP,192.168.91.15,239.255.255.250,51501,1900,198,,,,,,,RECEIVE
192,21:59:20,DROP,UDP,192.168.91.15,239.255.255.250,61486,1900,203,,,,,,,RECEIVE
193,21:59:20,DROP,UDP,192.168.91.15,192.168.91.255,137,137,78,,,,,,,RECEIVE
194,21:59:20,DROP,UDP,fe80::614b:c1e6:9f0e:2100,ff02::1:3,64816,5355,70,,,,,,,RECEIVE
195,21:59:20,DROP,UDP,192.168.91.15,224.0.0.252,64816,5355,50,,,,,,,RECEIVE
196,21:59:21,DROP,UDP,192.168.91.15,239.255.255.250,61486,1900,203,,,,,,,RECEIVE
197,21:59:21,DROP,UDP,192.168.91.15,192.168.91.255,137,137,78,,,,,,,RECEIVE
198,21:59:22,DROP,UDP,192.168.91.15,192.168.91.255,137,137,78,,,,,,,RECEIVE
199,21:59:23,DROP,UDP,192.168.91.15,192.168.91.255,137,137,78,,,,,,,RECEIVE
200,21:59:23,DROP,UDP,fe80::614b:c1e6:9f0e:2100,ff02::1:3,62247,5355,70,,,,,,,RECEIVE
201,21:59:23,DROP,UDP,192.168.91.15,224.0.0.252,62247,5355,50,,,,,,,RECEIVE
202,21:59:24,DROP,UDP,192.168.91.15,192.168.91.255,137,137,78,,,,,,,RECEIVE
203,21:59:24,DROP,UDP,192.168.91.15,192.168.91.255,137,137,78,,,,,,,RECEIVE
204,21:59:25,DROP,UDP,192.168.91.15,192.168.91.255,137,137,78,,,,,,,RECEIVE
205,21:59:25,DROP,UDP,fe80::614b:c1e6:9f0e:2100,ff02::1:3,55292,5355,70,,,,,,,RECEIVE
206,21:59:25,DROP,UDP,192.168.91.15,224.0.0.252,55292,5355,50,,,,,,,RECEIVE
207,21:59:26,DROP,UDP,192.168.91.15,192.168.91.255,137,137,78,,,,,,,RECEIVE
208,21:59:27,DROP,UDP,192.168.91.15,192.168.91.255,137,137,78,,,,,,,RECEIVE
209,21:59:28,DROP,UDP,192.168.91.15,192.168.91.255,137,137,78,,,,,,,RECEIVE
210,21:59:28,DROP,UDP,fe80::614b:c1e6:9f0e:2100,ff02::1:3,49876,5355,70,,,,,,,RECEIVE
211,21:59:28,DROP,UDP,192.168.91.15,224.0.0.252,49876,5355,50,,,,,,,RECEIVE
212,21:59:28,DROP,UDP,192.168.91.15,192.168.91.255,137,137,78,,,,,,,RECEIVE
213,22:01:09,ALLOW,UDP,fe80::614b:c1e6:9f0e:2100,ff02::fb,5353,5353,0,,,,,,,RECEIVE
214,22:01:11,DROP,UDP,192.168.91.15,239.255.255.250,52022,1900,153,,,,,,,RECEIVE
215,22:01:16,DROP,UDP,192.168.91.15,239.255.255.250,50768,1900,203,,,,,,,RECEIVE
216,22:01:17,DROP,UDP,192.168.91.15,239.255.255.250,50773,1900,198,,,,,,,RECEIVE
217,22:01:17,DROP,UDP,192.168.91.15,239.255.255.250,50768,1900,203,,,,,,,RECEIVE
218,22:01:18,DROP,UDP,192.168.91.15,239.255.255.250,50768,1900,203,,,,,,,RECEIVE
219,22:01:18,DROP,UDP,192.168.91.15,239.255.255.250,50773,1900,198,,,,,,,RECEIVE
220,22:01:18,DROP,UDP,192.168.91.15,239.255.255.250,50773,1900,198,,,,,,,RECEIVE
221,22:01:19,DROP,UDP,192.168.91.15,239.255.255.250,50768,1900,203,,,,,,,RECEIVE
222,22:01:19,DROP,UDP,192.168.91.15,239.255.255.250,50768,1900,203,,,,,,,RECEIVE
223,22:01:19,DROP,UDP,192.168.91.15,239.255.255.250,50773,1900,198,,,,,,,RECEIVE
224,22:01:19,DROP,UDP,192.168.91.15,239.255.255.250,50773,1900,198,,,,,,,RECEIVE
225,22:01:20,DROP,UDP,192.168.91.15,239.255.255.250,50768,1900,203,,,,,,,RECEIVE
226,22:01:20,DROP,UDP,192.168.91.15,239.255.255.250,50768,1900,203,,,,,,,RECEIVE
227,22:01:20,DROP,UDP,192.168.91.15,239.255.255.250,50773,1900,198,,,,,,,RECEIVE
228,22:01:20,DROP,UDP,192.168.91.15,239.255.255.250,50773,1900,198,,,,,,,RECEIVE
229,22:03:09,ALLOW,UDP,192.168.91.15,224.0.0.251,5353,5353,0,,,,,,,RECEIVE
230,22:03:11,DROP,UDP,192.168.91.15,239.255.255.250,52022,1900,153,,,,,,,RECEIVE
231,22:03:17,DROP,UDP,192.168.91.15,239.255.255.250,64358,1900,203,,,,,,,RECEIVE
232,22:03:17,DROP,UDP,192.168.91.15,239.255.255.250,64363,1900,198,,,,,,,RECEIVE
233,22:03:18,DROP,UDP,192.168.91.15,239.255.255.250,64358,1900,203,,,,,,,RECEIVE
234,22:03:18,DROP,UDP,192.168.91.15,239.255.255.250,64358,1900,203,,,,,,,RECEIVE
235,22:03:18,DROP,UDP,192.168.91.15,239.255.255.250,64363,1900,198,,,,,,,RECEIVE
236,22:03:18,DROP,UDP,192.168.91.15,239.255.255.250,64363,1900,198,,,,,,,RECEIVE
237,22:03:19,DROP,UDP,192.168.91.15,239.255.255.250,64358,1900,203,,,,,,,RECEIVE
238,22:03:19,DROP,UDP,192.168.91.15,239.255.255.250,64358,1900,203,,,,,,,RECEIVE
239,22:03:19,DROP,UDP,192.168.91.15,239.255.255.250,64363,1900,198,,,,,,,RECEIVE
240,22:03:19,DROP,UDP,192.168.91.15,239.255.255.250,64363,1900,198,,,,,,,RECEIVE
241,22:03:20,DROP,UDP,192.168.91.15,239.255.255.250,64358,1900,203,,,,,,,RECEIVE
242,22:03:20,DROP,UDP,192.168.91.15,239.255.255.250,64358,1900,203,,,,,,,RECEIVE
243,22:03:20,DROP,UDP,192.168.91.15,239.255.255.250,64363,1900,198,,,,,,,RECEIVE
244,22:03:20,DROP,UDP,192.168.91.15,239.255.255.250,64363,1900,198,,,,,,,RECEIVE
245,22:05:09,ALLOW,UDP,fe80::614b:c1e6:9f0e:2100,ff02::fb,5353,5353,0,,,,,,,RECEIVE
246,22:05:11,DROP,UDP,192.168.91.15,239.255.255.250,52022,1900,153,,,,,,,RECEIVE
247,22:05:16,DROP,UDP,192.168.91.15,239.255.255.250,63014,1900,203,,,,,,,RECEIVE
248,22:05:17,DROP,UDP,192.168.91.15,239.255.255.250,63019,1900,198,,,,,,,RECEIVE
249,22:05:18,DROP,UDP,192.168.91.15,239.255.255.250,63014,1900,203,,,,,,,RECEIVE
250,22:05:18,DROP,UDP,192.168.91.15,239.255.255.250,63014,1900,203,,,,,,,RECEIVE
251,22:05:18,DROP,UDP,192.168.91.15,239.255.255.250,63019,1900,198,,,,,,,RECEIVE
252,22:05:18,DROP,UDP,192.168.91.15,239.255.255.250,63019,1900,198,,,,,,,RECEIVE
253,22:05:19,DROP,UDP,192.168.91.15,239.255.255.250,63014,1900,203,,,,,,,RECEIVE
254,22:05:19,DROP,UDP,192.168.91.15,239.255.255.250,63014,1900,203,,,,,,,RECEIVE
255,22:05:19,DROP,UDP,192.168.91.15,239.255.255.250,63019,1900,198,,,,,,,RECEIVE
256,22:05:19,DROP,UDP,192.168.91.15,239.255.255.250,63019,1900,198,,,,,,,RECEIVE
257,22:05:20,DROP,UDP,192.168.91.15,239.255.255.250,63014,1900,203,,,,,,,RECEIVE
258,22:05:20,DROP,UDP,192.168.91.15,239.255.255.250,63014,1900,203,,,,,,,RECEIVE
259,22:05:20,DROP,UDP,192.168.91.15,239.255.255.250,63019,1900,198,,,,,,,RECEIVE
260,22:05:20,DROP,UDP,192.168.91.15,239.255.255.250,63019,1900,198,,,,,,,RECEIVE
261,22:07:09,ALLOW,UDP,fe80::614b:c1e6:9f0e:2100,ff02::fb,5353,5353,0,,,,,,,RECEIVE
262,22:07:11,DROP,UDP,192.168.91.15,239.255.255.250,52022,1900,153,,,,,,,RECEIVE
263,22:07:16,DROP,UDP,192.168.91.15,239.255.255.250,52915,1900,203,,,,,,,RECEIVE
264,22:07:17,DROP,UDP,192.168.91.15,239.255.255.250,52920,1900,198,,,,,,,RECEIVE
265,22:07:18,DROP,UDP,192.168.91.15,239.255.255.250,52915,1900,203,,,,,,,RECEIVE
266,22:07:18,DROP,UDP,192.168.91.15,239.255.255.250,52915,1900,203,,,,,,,RECEIVE
267,22:07:18,DROP,UDP,192.168.91.15,239.255.255.250,52920,1900,198,,,,,,,RECEIVE
268,22:07:18,DROP,UDP,192.168.91.15,239.255.255.250,52920,1900,198,,,,,,,RECEIVE
269,22:07:19,DROP,UDP,192.168.91.15,239.255.255.250,52915,1900,203,,,,,,,RECEIVE
270,22:07:19,DROP,UDP,192.168.91.15,239.255.255.250,52915,1900,203,,,,,,,RECEIVE
271,22:07:19,DROP,UDP,192.168.91.15,239.255.255.250,52920,1900,198,,,,,,,RECEIVE
272,22:07:19,DROP,UDP,192.168.91.15,239.255.255.250,52920,1900,198,,,,,,,RECEIVE
273,22:07:20,DROP,UDP,192.168.91.15,239.255.255.250,52915,1900,203,,,,,,,RECEIVE
274,22:07:20,DROP,UDP,192.168.91.15,239.255.255.250,52915,1900,203,,,,,,,RECEIVE
275,22:07:20,DROP,UDP,192.168.91.15,239.255.255.250,52920,1900,198,,,,,,,RECEIVE
276,22:07:20,DROP,UDP,192.168.91.15,239.255.255.250,52920,1900,198,,,,,,,RECEIVE
277,22:08:54,ALLOW,TCP,192.168.91.128,192.168.91.1,50296,139,0,,0,0,0,,,RECEIVE
278,22:08:54,ALLOW,TCP,192.168.91.128,192.168.91.1,60542,135,0,,0,0,0,,,RECEIVE
279,22:08:54,ALLOW,TCP,192.168.91.128,192.168.91.1,48670,445,0,,0,0,0,,,RECEIVE
280,22:08:54,ALLOW,UDP,192.168.91.1,239.255.255.250,60550,1900,0,,,,,,,SEND
281,22:08:54,ALLOW,UDP,127.0.0.1,239.255.255.250,60551,1900,0,,,,,,,SEND
282,22:08:54,ALLOW,UDP,127.0.0.1,239.255.255.250,60551,1900,0,,,,,,,RECEIVE
283,22:08:54,DROP,UDP,192.168.1.254,192.168.91.1,1900,60550,474,,,,,,,RECEIVE
284,22:08:54,DROP,UDP,192.168.1.254,192.168.91.1,1900,60550,474,,,,,,,RECEIVE
285,22:08:56,ALLOW,TCP,192.168.91.128,192.168.91.1,50298,139,0,,0,0,0,,,RECEIVE
286,22:08:57,ALLOW,TCP,192.168.91.128,192.168.91.1,50304,139,0,,0,0,0,,,RECEIVE
287,22:08:57,DROP,UDP,192.168.1.254,192.168.91.1,1900,60550,474,,,,,,,RECEIVE
288,22:08:58,ALLOW,TCP,192.168.91.128,192.168.91.1,50316,139,0,,0,0,0,,,RECEIVE
289,22:08:59,ALLOW,TCP,192.168.91.128,192.168.91.1,50322,139,0,,0,0,0,,,RECEIVE
290,22:09:00,DROP,UDP,192.168.1.254,192.168.91.1,1900,60550,474,,,,,,,RECEIVE
291,22:09:01,ALLOW,TCP,192.168.91.128,192.168.91.1,50334,139,0,,0,0,0,,,RECEIVE
292,22:09:02,ALLOW,TCP,192.168.91.128,192.168.91.1,50340,139,0,,0,0,0,,,RECEIVE
293,22:09:03,ALLOW,TCP,192.168.91.128,192.168.91.1,45122,49669,0,,0,0,0,,,RECEIVE
294,22:09:04,ALLOW,TCP,192.168.91.128,192.168.91.1,50372,139,0,,0,0,0,,,RECEIVE
295,22:09:06,ALLOW,TCP,192.168.91.128,192.168.91.1,50386,139,0,,0,0,0,,,RECEIVE
296,22:09:07,ALLOW,TCP,192.168.91.128,192.168.91.1,50398,139,0,,0,0,0,,,RECEIVE
297,22:09:08,ALLOW,TCP,192.168.91.128,192.168.91.1,49162,5040,0,,0,0,0,,,RECEIVE
298,22:09:09,ALLOW,TCP,192.168.91.128,192.168.91.1,50426,139,0,,0,0,0,,,RECEIVE
299,22:09:09,ALLOW,UDP,192.168.91.15,224.0.0.251,5353,5353,0,,,,,,,RECEIVE
300,22:09:09,ALLOW,UDP,fe80::614b:c1e6:9f0e:2100,ff02::fb,5353,5353,0,,,,,,,RECEIVE
301,22:09:10,ALLOW,TCP,192.168.91.128,192.168.91.1,50438,139,0,,0,0,0,,,RECEIVE
302,22:09:11,DROP,UDP,192.168.91.15,239.255.255.250,52022,1900,153,,,,,,,RECEIVE
303,22:09:12,ALLOW,TCP,192.168.91.128,192.168.91.1,50450,139,0,,0,0,0,,,RECEIVE
304,22:09:13,ALLOW,TCP,192.168.91.128,192.168.91.1,50458,139,0,,0,0,0,,,RECEIVE
305,22:09:14,ALLOW,TCP,192.168.91.128,192.168.91.1,50468,139,0,,0,0,0,,,RECEIVE
306,22:09:15,ALLOW,TCP,192.168.91.128,192.168.91.1,50480,139,0,,0,0,0,,,RECEIVE
307,22:09:17,DROP,UDP,192.168.91.15,239.255.255.250,56717,1900,203,,,,,,,RECEIVE
308,22:09:17,DROP,UDP,192.168.91.15,239.255.255.250,56722,1900,198,,,,,,,RECEIVE
309,22:09:17,ALLOW,TCP,192.168.91.128,192.168.91.1,50490,139,0,,0,0,0,,,RECEIVE
310,22:09:18,DROP,UDP,192.168.91.15,239.255.255.250,56717,1900,203,,,,,,,RECEIVE
311,22:09:18,DROP,UDP,192.168.91.15,239.255.255.250,56717,1900,203,,,,,,,RECEIVE
312,22:09:18,DROP,UDP,192.168.91.15,239.255.255.250,56722,1900,198,,,,,,,RECEIVE
313,22:09:18,DROP,UDP,192.168.91.15,239.255.255.250,56722,1900,198,,,,,,,RECEIVE
314,22:09:18,ALLOW,TCP,192.168.91.128,192.168.91.1,50502,139,0,,0,0,0,,,RECEIVE
315,22:09:19,DROP,UDP,192.168.91.15,239.255.255.250,56717,1900,203,,,,,,,RECEIVE
316,22:09:19,DROP,UDP,192.168.91.15,239.255.255.250,56717,1900,203,,,,,,,RECEIVE
317,22:09:19,DROP,UDP,192.168.91.15,239.255.255.250,56722,1900,198,,,,,,,RECEIVE
318,22:09:19,DROP,UDP,192.168.91.15,239.255.255.250,56722,1900,198,,,,,,,RECEIVE
319,22:09:19,ALLOW,TCP,192.168.91.128,192.168.91.1,50514,139,0,,0,0,0,,,RECEIVE
320,22:09:20,DROP,UDP,192.168.91.15,239.255.255.250,56717,1900,203,,,,,,,RECEIVE
321,22:09:20,DROP,UDP,192.168.91.15,239.255.255.250,56717,1900,203,,,,,,,RECEIVE
322,22:09:20,DROP,UDP,192.168.91.15,239.255.255.250,56722,1900,198,,,,,,,RECEIVE
323,22:09:20,DROP,UDP,192.168.91.15,239.255.255.250,56722,1900,198,,,,,,,RECEIVE
324,22:09:21,ALLOW,TCP,192.168.91.128,192.168.91.1,50538,139,0,,0,0,0,,,RECEIVE
325,22:09:22,ALLOW,TCP,192.168.91.128,192.168.91.1,50552,139,0,,0,0,0,,,RECEIVE
326,22:09:23,ALLOW,TCP,192.168.91.128,192.168.91.1,50558,139,0,,0,0,0,,,RECEIVE
327,22:09:25,ALLOW,TCP,192.168.91.128,192.168.91.1,50572,139,0,,0,0,0,,,RECEIVE
328,22:09:26,ALLOW,TCP,192.168.91.128,192.168.91.1,50578,139,0,,0,0,0,,,RECEIVE
329,22:09:27,ALLOW,TCP,192.168.91.128,192.168.91.1,50602,139,0,,0,0,0,,,RECEIVE
330,22:09:29,ALLOW,TCP,192.168.91.128,192.168.91.1,50614,139,0,,0,0,0,,,RECEIVE
331,22:09:30,ALLOW,TCP,192.168.91.128,192.168.91.1,50628,139,0,,0,0,0,,,RECEIVE
332,22:09:31,ALLOW,TCP,192.168.91.128,192.168.91.1,50638,139,0,,0,0,0,,,RECEIVE
333,22:09:32,ALLOW,TCP,192.168.91.128,192.168.91.1,50656,139,0,,0,0,0,,,RECEIVE
334,22:09:34,ALLOW,TCP,192.168.91.128,192.168.91.1,50678,139,0,,0,0,0,,,RECEIVE
335,22:09:35,ALLOW,TCP,192.168.91.128,192.168.91.1,50684,139,0,,0,0,0,,,RECEIVE
336,22:09:36,ALLOW,TCP,192.168.91.128,192.168.91.1,50710,139,0,,0,0,0,,,RECEIVE
337,22:09:38,ALLOW,TCP,192.168.91.128,192.168.91.1,50730,139,0,,0,0,0,,,RECEIVE
338,22:09:39,ALLOW,TCP,192.168.91.128,192.168.91.1,50738,139,0,,0,0,0,,,RECEIVE
339,22:09:40,ALLOW,TCP,192.168.91.128,192.168.91.1,50756,139,0,,0,0,0,,,RECEIVE
340,22:09:42,ALLOW,TCP,192.168.91.128,192.168.91.1,50766,139,0,,0,0,0,,,RECEIVE
341,22:09:43,ALLOW,TCP,192.168.91.128,192.168.91.1,50772,139,0,,0,0,0,,,RECEIVE
342,22:09:44,ALLOW,TCP,192.168.91.128,192.168.91.1,50792,139,0,,0,0,0,,,RECEIVE
343,22:09:45,ALLOW,TCP,192.168.91.128,192.168.91.1,50802,139,0,,0,0,0,,,RECEIVE
344,22:09:47,ALLOW,TCP,192.168.91.128,192.168.91.1,50830,139,0,,0,0,0,,,RECEIVE
345,22:09:48,ALLOW,TCP,192.168.91.128,192.168.91.1,50844,139,0,,0,0,0,,,RECEIVE
346,22:09:49,ALLOW,TCP,192.168.91.128,192.168.91.1,50860,139,0,,0,0,0,,,RECEIVE
347,22:09:51,ALLOW,TCP,192.168.91.128,192.168.91.1,50888,139,0,,0,0,0,,,RECEIVE
348,22:09:52,ALLOW,TCP,192.168.91.128,192.168.91.1,50898,139,0,,0,0,0,,,RECEIVE
349,22:09:53,ALLOW,TCP,192.168.91.128,192.168.91.1,50910,139,0,,0,0,0,,,RECEIVE
350,22:09:55,ALLOW,TCP,192.168.91.128,192.168.91.1,50916,139,0,,0,0,0,,,RECEIVE
351,22:09:56,ALLOW,TCP,192.168.91.128,192.168.91.1,50954,139,0,,0,0,0,,,RECEIVE
352,22:09:57,ALLOW,TCP,192.168.91.128,192.168.91.1,50978,139,0,,0,0,0,,,RECEIVE
353,22:09:59,ALLOW,TCP,192.168.91.128,192.168.91.1,50994,139,0,,0,0,0,,,RECEIVE
354,22:10:00,ALLOW,TCP,192.168.91.128,192.168.91.1,51008,139,0,,0,0,0,,,RECEIVE
355,22:10:01,ALLOW,TCP,192.168.91.128,192.168.91.1,51028,139,0,,0,0,0,,,RECEIVE
356,22:10:02,ALLOW,TCP,192.168.91.128,192.168.91.1,51044,139,0,,0,0,0,,,RECEIVE
357,22:10:04,ALLOW,TCP,192.168.91.128,192.168.91.1,51070,139,0,,0,0,0,,,RECEIVE
358,22:10:05,ALLOW,TCP,192.168.91.128,192.168.91.1,51078,139,0,,0,0,0,,,RECEIVE
359,22:10:06,ALLOW,TCP,192.168.91.128,192.168.91.1,51100,139,0,,0,0,0,,,RECEIVE
360,22:10:08,ALLOW,TCP,192.168.91.128,192.168.91.1,34836,49664,0,,0,0,0,,,RECEIVE
361,22:10:09,ALLOW,TCP,192.168.91.128,192.168.91.1,51110,139,0,,0,0,0,,,RECEIVE
362,22:10:10,ALLOW,TCP,192.168.91.128,192.168.91.1,44556,49665,0,,0,0,0,,,RECEIVE
363,22:10:11,ALLOW,TCP,192.168.91.128,192.168.91.1,51146,139,0,,0,0,0,,,RECEIVE
364,22:10:13,ALLOW,TCP,192.168.91.128,192.168.91.1,51184,139,0,,0,0,0,,,RECEIVE
365,22:10:14,ALLOW,TCP,192.168.91.128,192.168.91.1,51210,139,0,,0,0,0,,,RECEIVE
366,22:10:15,ALLOW,TCP,192.168.91.128,192.168.91.1,51234,139,0,,0,0,0,,,RECEIVE
367,22:10:17,ALLOW,TCP,192.168.91.128,192.168.91.1,51258,139,0,,0,0,0,,,RECEIVE
368,22:10:18,ALLOW,TCP,192.168.91.128,192.168.91.1,51280,139,0,,0,0,0,,,RECEIVE
369,22:11:09,ALLOW,UDP,fe80::614b:c1e6:9f0e:2100,ff02::fb,5353,5353,0,,,,,,,RECEIVE
370,22:11:11,DROP,UDP,192.168.91.15,239.255.255.250,52022,1900,153,,,,,,,RECEIVE
371,22:11:17,DROP,UDP,192.168.91.15,239.255.255.250,54259,1900,203,,,,,,,RECEIVE
372,22:11:17,DROP,UDP,192.168.91.15,239.255.255.250,54264,1900,198,,,,,,,RECEIVE
373,22:11:18,DROP,UDP,192.168.91.15,239.255.255.250,54259,1900,203,,,,,,,RECEIVE
374,22:11:18,DROP,UDP,192.168.91.15,239.255.255.250,54259,1900,203,,,,,,,RECEIVE
375,22:11:18,DROP,UDP,192.168.91.15,239.255.255.250,54264,1900,198,,,,,,,RECEIVE
376,22:11:18,DROP,UDP,192.168.91.15,239.255.255.250,54264,1900,198,,,,,,,RECEIVE
377,22:11:19,DROP,UDP,192.168.91.15,239.255.255.250,54259,1900,203,,,,,,,RECEIVE
378,22:11:19,DROP,UDP,192.168.91.15,239.255.255.250,54259,1900,203,,,,,,,RECEIVE
379,22:11:19,DROP,UDP,192.168.91.15,239.255.255.250,54264,1900,198,,,,,,,RECEIVE
380,22:11:19,DROP,UDP,192.168.91.15,239.255.255.250,54264,1900,198,,,,,,,RECEIVE
381,22:11:20,DROP,UDP,192.168.91.15,239.255.255.250,54259,1900,203,,,,,,,RECEIVE
382,22:11:20,DROP,UDP,192.168.91.15,239.255.255.250,54259,1900,203,,,,,,,RECEIVE
383,22:11:20,DROP,UDP,192.168.91.15,239.255.255.250,54264,1900,198,,,,,,,RECEIVE
384,22:11:20,DROP,UDP,192.168.91.15,239.255.255.250,54264,1900,198,,,,,,,RECEIVE
385,22:13:09,ALLOW,UDP,192.168.91.15,224.0.0.251,5353,5353,0,,,,,,,RECEIVE
386,22:13:11,DROP,UDP,192.168.91.15,239.255.255.250,52022,1900,153,,,,,,,RECEIVE
387,22:13:17,DROP,UDP,192.168.91.15,239.255.255.250,49869,1900,203,,,,,,,RECEIVE
388,22:13:17,DROP,UDP,192.168.91.15,239.255.255.250,49874,1900,198,,,,,,,RECEIVE
389,22:13:18,DROP,UDP,192.168.91.15,239.255.255.250,49869,1900,203,,,,,,,RECEIVE
390,22:13:18,DROP,UDP,192.168.91.15,239.255.255.250,49869,1900,203,,,,,,,RECEIVE
391,22:13:18,DROP,UDP,192.168.91.15,239.255.255.250,49874,1900,198,,,,,,,RECEIVE
392,22:13:18,DROP,UDP,192.168.91.15,239.255.255.250,49874,1900,198,,,,,,,RECEIVE
393,22:13:19,DROP,UDP,192.168.91.15,239.255.255.250,49869,1900,203,,,,,,,RECEIVE
394,22:13:19,DROP,UDP,192.168.91.15,239.255.255.250,49869,1900,203,,,,,,,RECEIVE
395,22:13:19,DROP,UDP,192.168.91.15,239.255.255.250,49874,1900,198,,,,,,,RECEIVE
396,22:13:19,DROP,UDP,192.168.91.15,239.255.255.250,49874,1900,198,,,,,,,RECEIVE
397,22:13:20,DROP,UDP,192.168.91.15,239.255.255.250,49869,1900,203,,,,,,,RECEIVE
398,22:13:20,DROP,UDP,192.168.91.15,239.255.255.250,49869,1900,203,,,,,,,RECEIVE
399,22:13:20,DROP,UDP,192.168.91.15,239.255.255.250,49874,1900,198,,,,,,,RECEIVE
400,22:13:20,DROP,UDP,192.168.91.15,239.255.255.250,49874,1900,198,,,,,,,RECEIVE
401,22:15:09,ALLOW,UDP,fe80::614b:c1e6:9f0e:2100,ff02::fb,5353,5353,0,,,,,,,RECEIVE
402,22:15:11,DROP,UDP,192.168.91.15,239.255.255.250,52022,1900,153,,,,,,,RECEIVE
403,22:15:17,DROP,UDP,192.168.91.15,239.255.255.250,58033,1900,203,,,,,,,RECEIVE
404,22:15:17,DROP,UDP,192.168.91.15,239.255.255.250,58038,1900,198,,,,,,,RECEIVE
405,22:15:18,DROP,UDP,192.168.91.15,239.255.255.250,58033,1900,203,,,,,,,RECEIVE
406,22:15:18,DROP,UDP,192.168.91.15,239.255.255.250,58033,1900,203,,,,,,,RECEIVE
407,22:15:18,DROP,UDP,192.168.91.15,239.255.255.250,58038,1900,198,,,,,,,RECEIVE
408,22:15:18,DROP,UDP,192.168.91.15,239.255.255.250,58038,1900,198,,,,,,,RECEIVE
409,22:15:19,DROP,UDP,192.168.91.15,239.255.255.250,58033,1900,203,,,,,,,RECEIVE
410,22:15:19,DROP,UDP,192.168.91.15,239.255.255.250,58033,1900,203,,,,,,,RECEIVE
411,22:15:19,DROP,UDP,192.168.91.15,239.255.255.250,58038,1900,198,,,,,,,RECEIVE
412,22:15:19,DROP,UDP,192.168.91.15,239.255.255.250,58038,1900,198,,,,,,,RECEIVE
413,22:15:20,DROP,UDP,192.168.91.15,239.255.255.250,58033,1900,203,,,,,,,RECEIVE
414,22:15:20,DROP,UDP,192.168.91.15,239.255.255.250,58033,1900,203,,,,,,,RECEIVE
415,22:15:20,DROP,UDP,192.168.91.15,239.255.255.250,58038,1900,198,,,,,,,RECEIVE
416,22:15:20,DROP,UDP,192.168.91.15,239.255.255.250,58038,1900,198,,,,,,,RECEIVE
417,22:17:09,ALLOW,UDP,fe80::614b:c1e6:9f0e:2100,ff02::fb,5353,5353,0,,,,,,,RECEIVE
418,22:17:11,DROP,UDP,192.168.91.15,239.255.255.250,52022,1900,153,,,,,,,RECEIVE
419,22:17:17,DROP,UDP,192.168.91.15,239.255.255.250,55293,1900,203,,,,,,,RECEIVE
420,22:17:17,DROP,UDP,192.168.91.15,239.255.255.250,55298,1900,198,,,,,,,RECEIVE
421,22:17:18,DROP,UDP,192.168.91.15,239.255.255.250,55293,1900,203,,,,,,,RECEIVE
422,22:17:18,DROP,UDP,192.168.91.15,239.255.255.250,55293,1900,203,,,,,,,RECEIVE
423,22:17:18,DROP,UDP,192.168.91.15,239.255.255.250,55298,1900,198,,,,,,,RECEIVE
424,22:17:18,DROP,UDP,192.168.91.15,239.255.255.250,55298,1900,198,,,,,,,RECEIVE
425,22:17:19,DROP,UDP,192.168.91.15,239.255.255.250,55293,1900,203,,,,,,,RECEIVE
426,22:17:19,DROP,UDP,192.168.91.15,239.255.255.250,55293,1900,203,,,,,,,RECEIVE
427,22:17:19,DROP,UDP,192.168.91.15,239.255.255.250,55298,1900,198,,,,,,,RECEIVE
428,22:17:19,DROP,UDP,192.168.91.15,239.255.255.250,55298,1900,198,,,,,,,RECEIVE
429,22:17:20,DROP,UDP,192.168.91.15,239.255.255.250,55293,1900,203,,,,,,,RECEIVE
430,22:17:20,DROP,UDP,192.168.91.15,239.255.255.250,55293,1900,203,,,,,,,RECEIVE
431,22:17:20,DROP,UDP,192.168.91.15,239.255.255.250,55298,1900,198,,,,,,,RECEIVE
432,22:17:20,DROP,UDP,192.168.91.15,239.255.255.250,55298,1900,198,,,,,,,RECEIVE
433,22:19:09,ALLOW,UDP,fe80::614b:c1e6:9f0e:2100,ff02::fb,5353,5353,0,,,,,,,RECEIVE
434,22:19:11,DROP,UDP,192.168.91.15,239.255.255.250,52022,1900,153,,,,,,,RECEIVE
435,22:19:17,DROP,UDP,192.168.91.15,239.255.255.250,65245,1900,203,,,,,,,RECEIVE
436,22:19:17,DROP,UDP,192.168.91.15,239.255.255.250,65250,1900,198,,,,,,,RECEIVE
437,22:19:18,DROP,UDP,192.168.91.15,239.255.255.250,65245,1900,203,,,,,,,RECEIVE
438,22:19:18,DROP,UDP,192.168.91.15,239.255.255.250,65245,1900,203,,,,,,,RECEIVE
439,22:19:18,DROP,UDP,192.168.91.15,239.255.255.250,65250,1900,198,,,,,,,RECEIVE
440,22:19:18,DROP,UDP,192.168.91.15,239.255.255.250,65250,1900,198,,,,,,,RECEIVE
441,22:19:19,DROP,UDP,192.168.91.15,239.255.255.250,65245,1900,203,,,,,,,RECEIVE
442,22:19:19,DROP,UDP,192.168.91.15,239.255.255.250,65245,1900,203,,,,,,,RECEIVE
443,22:19:19,DROP,UDP,192.168.91.15,239.255.255.250,65250,1900,198,,,,,,,RECEIVE
444,22:19:19,DROP,UDP,192.168.91.15,239.255.255.250,65250,1900,198,,,,,,,RECEIVE
445,22:19:20,DROP,UDP,192.168.91.15,239.255.255.250,65245,1900,203,,,,,,,RECEIVE
446,22:19:20,DROP,UDP,192.168.91.15,239.255.255.250,65245,1900,203,,,,,,,RECEIVE
447,22:19:20,DROP,UDP,192.168.91.15,239.255.255.250,65250,1900,198,,,,,,,RECEIVE
448,22:19:20,DROP,UDP,192.168.91.15,239.255.255.250,65250,1900,198,,,,,,,RECEIVE
449,22:21:09,ALLOW,UDP,192.168.91.15,224.0.0.251,5353,5353,0,,,,,,,RECEIVE
450,22:21:11,DROP,UDP,192.168.91.15,239.255.255.250,52022,1900,153,,,,,,,RECEIVE
451,22:21:17,DROP,UDP,192.168.91.15,239.255.255.250,50730,1900,203,,,,,,,RECEIVE
452,22:21:17,DROP,UDP,192.168.91.15,239.255.255.250,50735,1900,198,,,,,,,RECEIVE
453,22:21:18,DROP,UDP,192.168.91.15,239.255.255.250,50730,1900,203,,,,,,,RECEIVE
454,22:21:18,DROP,UDP,192.168.91.15,239.255.255.250,50730,1900,203,,,,,,,RECEIVE
455,22:21:18,DROP,UDP,192.168.91.15,239.255.255.250,50735,1900,198,,,,,,,RECEIVE
456,22:21:18,DROP,UDP,192.168.91.15,239.255.255.250,50735,1900,198,,,,,,,RECEIVE
457,22:21:19,DROP,UDP,192.168.91.15,239.255.255.250,50730,1900,203,,,,,,,RECEIVE
458,22:21:19,DROP,UDP,192.168.91.15,239.255.255.250,50730,1900,203,,,,,,,RECEIVE
459,22:21:19,DROP,UDP,192.168.91.15,239.255.255.250,50735,1900,198,,,,,,,RECEIVE
460,22:21:19,DROP,UDP,192.168.91.15,239.255.255.250,50735,1900,198,,,,,,,RECEIVE
461,22:21:20,DROP,UDP,192.168.91.15,239.255.255.250,50730,1900,203,,,,,,,RECEIVE
462,22:21:20,DROP,UDP,192.168.91.15,239.255.255.250,50730,1900,203,,,,,,,RECEIVE
463,22:21:20,DROP,UDP,192.168.91.15,239.255.255.250,50735,1900,198,,,,,,,RECEIVE
464,22:21:20,DROP,UDP,192.168.91.15,239.255.255.250,50735,1900,198,,,,,,,RECEIVE
465,22:23:09,ALLOW,UDP,fe80::614b:c1e6:9f0e:2100,ff02::fb,5353,5353,0,,,,,,,RECEIVE
466,22:23:11,DROP,UDP,192.168.91.15,239.255.255.250,52022,1900,153,,,,,,,RECEIVE
467,22:23:17,DROP,UDP,192.168.91.15,239.255.255.250,60519,1900,203,,,,,,,RECEIVE
468,22:23:17,DROP,UDP,192.168.91.15,239.255.255.250,60524,1900,198,,,,,,,RECEIVE
469,22:23:18,DROP,UDP,192.168.91.15,239.255.255.250,60519,1900,203,,,,,,,RECEIVE
470,22:23:18,DROP,UDP,192.168.91.15,239.255.255.250,60519,1900,203,,,,,,,RECEIVE
471,22:23:18,DROP,UDP,192.168.91.15,239.255.255.250,60524,1900,198,,,,,,,RECEIVE
472,22:23:18,DROP,UDP,192.168.91.15,239.255.255.250,60524,1900,198,,,,,,,RECEIVE
473,22:23:19,DROP,UDP,192.168.91.15,239.255.255.250,60519,1900,203,,,,,,,RECEIVE
474,22:23:19,DROP,UDP,192.168.91.15,239.255.255.250,60519,1900,203,,,,,,,RECEIVE
475,22:23:19,DROP,UDP,192.168.91.15,239.255.255.250,60524,1900,198,,,,,,,RECEIVE
476,22:23:19,DROP,UDP,192.168.91.15,239.255.255.250,60524,1900,198,,,,,,,RECEIVE
477,22:23:20,DROP,UDP,192.168.91.15,239.255.255.250,60519,1900,203,,,,,,,RECEIVE
478,22:23:20,DROP,UDP,192.168.91.15,239.255.255.250,60519,1900,203,,,,,,,RECEIVE
479,22:23:20,DROP,UDP,192.168.91.15,239.255.255.250,60524,1900,198,,,,,,,RECEIVE
480,22:23:20,DROP,UDP,192.168.91.15,239.255.255.250,60524,1900,198,,,,,,,RECEIVE
481,22:25:09,ALLOW,UDP,fe80::614b:c1e6:9f0e:2100,ff02::fb,5353,5353,0,,,,,,,RECEIVE
482,22:25:11,DROP,UDP,192.168.91.15,239.255.255.250,52022,1900,153,,,,,,,RECEIVE
483,22:25:17,DROP,UDP,192.168.91.15,239.255.255.250,50427,1900,203,,,,,,,RECEIVE
484,22:25:17,DROP,UDP,192.168.91.15,239.255.255.250,50432,1900,198,,,,,,,RECEIVE
485,22:25:18,DROP,UDP,192.168.91.15,239.255.255.250,50427,1900,203,,,,,,,RECEIVE
486,22:25:18,DROP,UDP,192.168.91.15,239.255.255.250,50427,1900,203,,,,,,,RECEIVE
487,22:25:18,DROP,UDP,192.168.91.15,239.255.255.250,50432,1900,198,,,,,,,RECEIVE
488,22:25:18,DROP,UDP,192.168.91.15,239.255.255.250,50432,1900,198,,,,,,,RECEIVE
489,22:25:19,DROP,UDP,192.168.91.15,239.255.255.250,50427,1900,203,,,,,,,RECEIVE
490,22:25:19,DROP,UDP,192.168.91.15,239.255.255.250,50427,1900,203,,,,,,,RECEIVE
491,22:25:19,DROP,UDP,192.168.91.15,239.255.255.250,50432,1900,198,,,,,,,RECEIVE
492,22:25:19,DROP,UDP,192.168.91.15,239.255.255.250,50432,1900,198,,,,,,,RECEIVE
493,22:25:20,DROP,UDP,192.168.91.15,239.255.255.250,50427,1900,203,,,,,,,RECEIVE
494,22:25:20,DROP,UDP,192.168.91.15,239.255.255.250,50427,1900,203,,,,,,,RECEIVE
495,22:25:20,DROP,UDP,192.168.91.15,239.255.255.250,50432,1900,198,,,,,,,RECEIVE
496,22:25:20,DROP,UDP,192.168.91.15,239.255.255.250,50432,1900,198,,,,,,,RECEIVE
497,20:28:18,ALLOW,ICMP,::1,ff02::16,,,0,,,,,143,0,SEND
498,20:28:18,ALLOW,2,127.0.0.1,224.0.0.22,,,0,,,,,,,SEND
499,20:28:18,ALLOW,UDP,127.0.0.1,239.255.255.250,56089,1900,0,,,,,,,SEND
500,20:28:18,ALLOW,UDP,127.0.0.1,239.255.255.250,56089,1900,0,,,,,,,RECEIVE
501,20:28:18,ALLOW,UDP,192.168.91.1,239.255.255.250,56088,1900,0,,,,,,,SEND
502,20:28:18,DROP,UDP,192.168.91.15,239.255.255.250,60805,1900,165,,,,,,,RECEIVE
503,20:28:20,DROP,UDP,192.168.91.15,239.255.255.250,57662,1900,165,,,,,,,RECEIVE
504,20:28:21,DROP,UDP,192.168.91.15,239.255.255.250,60805,1900,165,,,,,,,RECEIVE
505,20:28:23,DROP,UDP,192.168.91.15,239.255.255.250,57662,1900,165,,,,,,,RECEIVE
506,20:28:24,DROP,UDP,192.168.91.15,239.255.255.250,60805,1900,165,,,,,,,RECEIVE
507,20:28:44,DROP,UDP,192.168.91.15,239.255.255.250,64547,1900,203,,,,,,,RECEIVE
508,20:28:45,DROP,UDP,192.168.91.15,239.255.255.250,64547,1900,203,,,,,,,RECEIVE
509,20:28:46,DROP,UDP,192.168.91.15,239.255.255.250,64547,1900,203,,,,,,,RECEIVE
510,20:28:47,DROP,UDP,192.168.91.15,239.255.255.250,64547,1900,203,,,,,,,RECEIVE
511,20:29:03,DROP,UDP,192.168.91.15,192.168.91.255,138,138,229,,,,,,,RECEIVE
512,20:30:44,DROP,UDP,192.168.91.15,239.255.255.250,50306,1900,203,,,,,,,RECEIVE
513,20:30:45,DROP,UDP,192.168.91.15,239.255.255.250,50306,1900,203,,,,,,,RECEIVE
514,20:30:46,DROP,UDP,192.168.91.15,239.255.255.250,50306,1900,203,,,,,,,RECEIVE
515,20:30:47,DROP,UDP,192.168.91.15,239.255.255.250,50306,1900,203,,,,,,,RECEIVE
516,20:32:44,DROP,UDP,192.168.91.15,239.255.255.250,61044,1900,203,,,,,,,RECEIVE
517,20:32:45,DROP,UDP,192.168.91.15,239.255.255.250,61044,1900,203,,,,,,,RECEIVE
518,20:32:46,DROP,UDP,192.168.91.15,239.255.255.250,61044,1900,203,,,,,,,RECEIVE
519,20:32:47,DROP,UDP,192.168.91.15,239.255.255.250,61044,1900,203,,,,,,,RECEIVE
520,20:34:44,DROP,UDP,192.168.91.15,239.255.255.250,50172,1900,203,,,,,,,RECEIVE
521,20:34:45,DROP,UDP,192.168.91.15,239.255.255.250,50172,1900,203,,,,,,,RECEIVE
522,20:34:46,DROP,UDP,192.168.91.15,239.255.255.250,50172,1900,203,,,,,,,RECEIVE
523,20:34:47,DROP,UDP,192.168.91.15,239.255.255.250,50172,1900,203,,,,,,,RECEIVE
524,20:36:44,DROP,UDP,192.168.91.15,239.255.255.250,65301,1900,203,,,,,,,RECEIVE
525,20:36:45,DROP,UDP,192.168.91.15,239.255.255.250,65301,1900,203,,,,,,,RECEIVE
526,20:36:46,DROP,UDP,192.168.91.15,239.255.255.250,65301,1900,203,,,,,,,RECEIVE
527,20:36:47,DROP,UDP,192.168.91.15,239.255.255.250,65301,1900,203,,,,,,,RECEIVE
528,20:38:17,ALLOW,TCP,::1,::1,49673,445,0,,0,0,0,,,SEND
529,20:38:17,ALLOW,TCP,::1,::1,49673,445,0,,0,0,0,,,RECEIVE
530,20:38:44,DROP,UDP,192.168.91.15,239.255.255.250,60707,1900,203,,,,,,,RECEIVE
531,20:38:45,DROP,UDP,192.168.91.15,239.255.255.250,60707,1900,203,,,,,,,RECEIVE
532,20:38:46,DROP,UDP,192.168.91.15,239.255.255.250,60707,1900,203,,,,,,,RECEIVE
533,20:38:47,DROP,UDP,192.168.91.15,239.255.255.250,60707,1900,203,,,,,,,RECEIVE
534,20:39:35,ALLOW,ICMP,192.168.91.128,192.168.91.1,,,0,,,,,8,0,RECEIVE
535,20:40:44,ALLOW,TCP,192.168.91.128,192.168.91.1,47014,445,0,,0,0,0,,,RECEIVE
536,20:40:44,ALLOW,TCP,192.168.91.128,192.168.91.1,40276,135,0,,0,0,0,,,RECEIVE
537,20:40:44,DROP,UDP,192.168.91.15,239.255.255.250,62913,1900,203,,,,,,,RECEIVE
538,20:40:45,ALLOW,TCP,192.168.91.128,192.168.91.1,47016,445,0,,0,0,0,,,RECEIVE
539,20:40:45,ALLOW,TCP,192.168.91.128,192.168.91.1,46380,139,0,,0,0,0,,,RECEIVE
540,20:40:45,DROP,UDP,192.168.91.15,239.255.255.250,62913,1900,203,,,,,,,RECEIVE
541,20:40:46,DROP,UDP,192.168.91.15,239.255.255.250,62913,1900,203,,,,,,,RECEIVE
542,20:40:46,ALLOW,TCP,192.168.91.128,192.168.91.1,47022,445,0,,0,0,0,,,RECEIVE
543,20:40:47,DROP,UDP,192.168.91.15,239.255.255.250,62913,1900,203,,,,,,,RECEIVE
544,20:40:48,ALLOW,TCP,192.168.91.128,192.168.91.1,47032,445,0,,0,0,0,,,RECEIVE
545,20:41:04,DROP,UDP,192.168.91.15,192.168.91.255,138,138,229,,,,,,,RECEIVE
546,20:41:30,ALLOW,TCP,192.168.91.128,192.168.91.1,46392,139,0,,0,0,0,,,RECEIVE
547,20:41:30,ALLOW,TCP,192.168.91.128,192.168.91.1,40312,135,0,,0,0,0,,,RECEIVE
548,20:41:31,ALLOW,TCP,192.168.91.128,192.168.91.1,47034,445,0,,0,0,0,,,RECEIVE
549,20:41:33,ALLOW,TCP,192.168.91.128,192.168.91.1,46396,139,0,,0,0,0,,,RECEIVE
550,20:41:34,ALLOW,TCP,192.168.91.128,192.168.91.1,46406,139,0,,0,0,0,,,RECEIVE
551,20:42:44,DROP,UDP,192.168.91.15,239.255.255.250,52633,1900,203,,,,,,,RECEIVE
552,20:42:45,DROP,UDP,192.168.91.15,239.255.255.250,52633,1900,203,,,,,,,RECEIVE
553,20:42:46,DROP,UDP,192.168.91.15,239.255.255.250,52633,1900,203,,,,,,,RECEIVE
554,20:42:47,DROP,UDP,192.168.91.15,239.255.255.250,52633,1900,203,,,,,,,RECEIVE
555,20:44:44,DROP,UDP,192.168.91.15,239.255.255.250,52097,1900,203,,,,,,,RECEIVE
556,20:44:45,DROP,UDP,192.168.91.15,239.255.255.250,52097,1900,203,,,,,,,RECEIVE
557,20:44:46,DROP,UDP,192.168.91.15,239.255.255.250,52097,1900,203,,,,,,,RECEIVE
558,20:44:47,DROP,UDP,192.168.91.15,239.255.255.250,52097,1900,203,,,,,,,RECEIVE
559,20:45:36,ALLOW,UDP,fe80::614b:c1e6:9f0e:2100,ff02::fb,5353,5353,0,,,,,,,RECEIVE
560,20:45:36,DROP,UDP,192.168.91.15,192.168.91.255,137,137,78,,,,,,,RECEIVE
561,20:45:36,ALLOW,UDP,192.168.91.15,224.0.0.251,5353,5353,0,,,,,,,RECEIVE
562,20:45:36,DROP,UDP,fe80::614b:c1e6:9f0e:2100,ff02::1:3,60993,5355,70,,,,,,,RECEIVE
563,20:45:36,DROP,UDP,192.168.91.15,224.0.0.252,60993,5355,50,,,,,,,RECEIVE
564,20:45:36,DROP,UDP,fe80::614b:c1e6:9f0e:2100,ff02::1:3,60993,5355,70,,,,,,,RECEIVE
565,20:45:36,DROP,UDP,192.168.91.15,224.0.0.252,60993,5355,50,,,,,,,RECEIVE
566,20:45:36,DROP,UDP,192.168.91.15,192.168.91.255,137,137,78,,,,,,,RECEIVE
567,20:45:37,DROP,UDP,192.168.91.15,192.168.91.255,137,137,78,,,,,,,RECEIVE
568,20:46:44,DROP,UDP,192.168.91.15,239.255.255.250,62613,1900,203,,,,,,,RECEIVE
569,20:46:45,DROP,UDP,192.168.91.15,239.255.255.250,62613,1900,203,,,,,,,RECEIVE
570,20:46:46,DROP,UDP,192.168.91.15,239.255.255.250,62613,1900,203,,,,,,,RECEIVE
571,20:46:47,DROP,UDP,192.168.91.15,239.255.255.250,62613,1900,203,,,,,,,RECEIVE
572,20:47:38,DROP,UDP,192.168.91.128,192.168.91.1,50404,5355,28,,,,,,,RECEIVE
573,20:47:38,DROP,UDP,192.168.91.128,192.168.91.1,50406,5355,28,,,,,,,RECEIVE
574,20:48:07,ALLOW,TCP,192.168.91.128,192.168.91.1,47048,445,0,,0,0,0,,,RECEIVE
575,20:48:09,ALLOW,TCP,192.168.91.128,192.168.91.1,40348,135,0,,0,0,0,,,RECEIVE
576,20:48:09,ALLOW,TCP,192.168.91.128,192.168.91.1,46408,139,0,,0,0,0,,,RECEIVE
577,20:48:10,ALLOW,TCP,192.168.91.128,192.168.91.1,47054,445,0,,0,0,0,,,RECEIVE
578,20:48:11,ALLOW,TCP,192.168.91.128,192.168.91.1,47060,445,0,,0,0,0,,,RECEIVE
579,20:48:44,DROP,UDP,192.168.91.15,239.255.255.250,55193,1900,203,,,,,,,RECEIVE
580,20:48:45,DROP,UDP,192.168.91.15,239.255.255.250,55193,1900,203,,,,,,,RECEIVE
581,20:48:46,DROP,UDP,192.168.91.15,239.255.255.250,55193,1900,203,,,,,,,RECEIVE
582,20:48:47,DROP,UDP,192.168.91.15,239.255.255.250,55193,1900,203,,,,,,,RECEIVE
583,20:49:27,ALLOW,TCP,192.168.91.128,192.168.91.1,40386,135,0,,0,0,0,,,RECEIVE
584,20:49:29,ALLOW,TCP,192.168.91.128,192.168.91.1,46418,139,0,,0,0,0,,,RECEIVE
585,20:49:29,ALLOW,TCP,192.168.91.128,192.168.91.1,47066,445,0,,0,0,0,,,RECEIVE
586,20:49:30,ALLOW,TCP,192.168.91.128,192.168.91.1,40396,135,0,,0,0,0,,,RECEIVE
587,20:49:31,ALLOW,TCP,192.168.91.128,192.168.91.1,40414,135,0,,0,0,0,,,RECEIVE
588,20:49:42,ALLOW,TCP,192.168.91.128,192.168.91.1,40428,135,0,,0,0,0,,,RECEIVE
589,20:49:42,ALLOW,TCP,192.168.91.128,192.168.91.1,46428,139,0,,0,0,0,,,RECEIVE
590,20:49:43,ALLOW,TCP,192.168.91.128,192.168.91.1,47082,445,0,,0,0,0,,,RECEIVE
591,20:49:44,ALLOW,TCP,192.168.91.128,192.168.91.1,40436,135,0,,0,0,0,,,RECEIVE
592,20:49:45,ALLOW,TCP,192.168.91.128,192.168.91.1,40454,135,0,,0,0,0,,,RECEIVE
593,20:50:44,ALLOW,TCP,127.0.0.1,127.0.0.1,49675,49674,0,,0,0,0,,,SEND
594,20:50:44,ALLOW,TCP,127.0.0.1,127.0.0.1,49675,49674,0,,0,0,0,,,RECEIVE
595,20:50:44,DROP,UDP,192.168.91.15,239.255.255.250,59642,1900,203,,,,,,,RECEIVE
596,20:50:45,ALLOW,TCP,127.0.0.1,127.0.0.1,49677,49676,0,,0,0,0,,,SEND
597,20:50:45,ALLOW,TCP,127.0.0.1,127.0.0.1,49677,49676,0,,0,0,0,,,RECEIVE
598,20:50:45,DROP,UDP,192.168.91.15,239.255.255.250,59642,1900,203,,,,,,,RECEIVE
599,20:50:46,ALLOW,UDP,192.168.91.1,239.255.255.250,56090,1900,0,,,,,,,SEND
600,20:50:46,DROP,UDP,192.168.91.15,239.255.255.250,59642,1900,203,,,,,,,RECEIVE
601,20:50:47,DROP,UDP,192.168.91.15,239.255.255.250,59642,1900,203,,,,,,,RECEIVE
602,20:50:51,ALLOW,UDP,192.168.91.1,224.0.0.251,5353,5353,0,,,,,,,SEND
603,20:50:51,ALLOW,UDP,192.168.91.1,224.0.0.251,5353,5353,0,,,,,,,RECEIVE
604,20:50:51,ALLOW,UDP,192.168.91.1,224.0.0.251,5353,5353,0,,,,,,,RECEIVE
605,20:50:51,ALLOW,UDP,fe80::818:4f4f:d51:c46a,ff02::fb,5353,5353,0,,,,,,,SEND
606,20:50:51,ALLOW,UDP,fe80::818:4f4f:d51:c46a,ff02::fb,5353,5353,0,,,,,,,RECEIVE
607,20:50:51,ALLOW,UDP,fe80::818:4f4f:d51:c46a,ff02::fb,5353,5353,0,,,,,,,RECEIVE
608,20:51:01,ALLOW,TCP,127.0.0.1,127.0.0.1,49679,49678,0,,0,0,0,,,SEND
609,20:51:01,ALLOW,TCP,127.0.0.1,127.0.0.1,49679,49678,0,,0,0,0,,,RECEIVE
610,20:52:24,ALLOW,TCP,127.0.0.1,127.0.0.1,49683,49682,0,,0,0,0,,,SEND
611,20:52:24,ALLOW,TCP,127.0.0.1,127.0.0.1,49683,49682,0,,0,0,0,,,RECEIVE
612,20:52:24,ALLOW,TCP,127.0.0.1,127.0.0.1,49685,80,0,,0,0,0,,,SEND
613,20:52:24,ALLOW,TCP,127.0.0.1,127.0.0.1,49685,80,0,,0,0,0,,,RECEIVE
614,20:52:24,ALLOW,TCP,127.0.0.1,127.0.0.1,49686,80,0,,0,0,0,,,SEND
615,20:52:24,ALLOW,TCP,127.0.0.1,127.0.0.1,49686,80,0,,0,0,0,,,RECEIVE
616,20:52:25,ALLOW,TCP,127.0.0.1,127.0.0.1,49687,80,0,,0,0,0,,,SEND
617,20:52:25,ALLOW,TCP,127.0.0.1,127.0.0.1,49687,80,0,,0,0,0,,,RECEIVE
618,20:52:28,ALLOW,TCP,192.168.91.128,192.168.91.1,47096,445,0,,0,0,0,,,RECEIVE
619,20:52:28,ALLOW,TCP,192.168.91.128,192.168.91.1,57052,80,0,,0,0,0,,,RECEIVE
620,20:52:28,ALLOW,TCP,192.168.91.128,192.168.91.1,40468,135,0,,0,0,0,,,RECEIVE
621,20:52:29,ALLOW,TCP,192.168.91.128,192.168.91.1,46438,139,0,,0,0,0,,,RECEIVE
622,20:52:31,ALLOW,TCP,192.168.91.128,192.168.91.1,47098,445,0,,0,0,0,,,RECEIVE
623,20:52:32,ALLOW,TCP,192.168.91.128,192.168.91.1,47108,445,0,,0,0,0,,,RECEIVE
624,20:52:41,ALLOW,TCP,192.168.91.128,192.168.91.1,40500,135,0,,0,0,0,,,RECEIVE
625,20:52:41,ALLOW,TCP,192.168.91.128,192.168.91.1,46448,139,0,,0,0,0,,,RECEIVE
626,20:52:41,ALLOW,TCP,192.168.91.128,192.168.91.1,57074,80,0,,0,0,0,,,RECEIVE
627,20:52:41,ALLOW,TCP,192.168.91.128,192.168.91.1,47114,445,0,,0,0,0,,,RECEIVE
628,20:52:42,ALLOW,TCP,192.168.91.128,192.168.91.1,40520,135,0,,0,0,0,,,RECEIVE
629,20:52:44,ALLOW,TCP,192.168.91.128,192.168.91.1,40536,135,0,,0,0,0,,,RECEIVE
630,20:52:44,DROP,UDP,192.168.91.15,239.255.255.250,55532,1900,203,,,,,,,RECEIVE
631,20:52:45,ALLOW,UDP,192.168.91.1,239.255.255.250,56091,1900,0,,,,,,,SEND
632,20:52:45,DROP,UDP,192.168.91.15,239.255.255.250,55532,1900,203,,,,,,,RECEIVE
633,20:52:46,DROP,UDP,192.168.91.15,239.255.255.250,55532,1900,203,,,,,,,RECEIVE
634,20:52:47,DROP,UDP,192.168.91.15,239.255.255.250,55532,1900,203,,,,,,,RECEIVE
635,20:53:06,DROP,UDP,192.168.91.15,192.168.91.255,138,138,229,,,,,,,RECEIVE
636,20:53:08,ALLOW,TCP,192.168.91.128,192.168.91.1,46458,139,0,,0,0,0,,,RECEIVE
637,20:53:09,ALLOW,TCP,192.168.91.128,192.168.91.1,40542,135,0,,0,0,0,,,RECEIVE
638,20:53:09,ALLOW,TCP,192.168.91.128,192.168.91.1,57098,80,0,,0,0,0,,,RECEIVE
639,20:53:09,ALLOW,TCP,192.168.91.128,192.168.91.1,47128,445,0,,0,0,0,,,RECEIVE
640,20:53:10,ALLOW,TCP,192.168.91.128,192.168.91.1,46466,139,0,,0,0,0,,,RECEIVE
641,20:53:12,ALLOW,TCP,192.168.91.128,192.168.91.1,46468,139,0,,0,0,0,,,RECEIVE
642,20:54:44,DROP,UDP,192.168.91.15,239.255.255.250,60013,1900,203,,,,,,,RECEIVE
643,20:54:45,ALLOW,UDP,192.168.91.1,239.255.255.250,56092,1900,0,,,,,,,SEND
644,20:54:45,DROP,UDP,192.168.91.15,239.255.255.250,60013,1900,203,,,,,,,RECEIVE
645,20:54:46,DROP,UDP,192.168.91.15,239.255.255.250,60013,1900,203,,,,,,,RECEIVE
646,20:54:47,DROP,UDP,192.168.91.15,239.255.255.250,60013,1900,203,,,,,,,RECEIVE
647,20:55:17,DROP,UDP,192.168.91.128,192.168.91.1,50404,1900,122,,,,,,,RECEIVE
648,20:55:17,DROP,UDP,192.168.91.128,192.168.91.1,50406,1900,122,,,,,,,RECEIVE
649,20:56:44,DROP,UDP,192.168.91.15,239.255.255.250,58965,1900,203,,,,,,,RECEIVE
650,20:56:45,ALLOW,UDP,192.168.91.1,239.255.255.250,56093,1900,0,,,,,,,SEND
651,20:56:45,DROP,UDP,192.168.91.15,239.255.255.250,58965,1900,203,,,,,,,RECEIVE
652,20:56:46,DROP,UDP,192.168.91.15,239.255.255.250,58965,1900,203,,,,,,,RECEIVE
653,20:56:47,DROP,UDP,192.168.91.15,239.255.255.250,58965,1900,203,,,,,,,RECEIVE
654,20:57:41,ALLOW,TCP,192.168.91.128,192.168.91.1,47144,445,0,,0,0,0,,,RECEIVE
655,20:57:41,ALLOW,TCP,192.168.91.128,192.168.91.1,57122,80,0,,0,0,0,,,RECEIVE
656,20:57:41,ALLOW,TCP,192.168.91.128,192.168.91.1,46476,139,0,,0,0,0,,,RECEIVE
657,20:57:41,ALLOW,TCP,192.168.91.128,192.168.91.1,40578,135,0,,0,0,0,,,RECEIVE
658,20:57:42,ALLOW,TCP,192.168.91.128,192.168.91.1,47146,445,0,,0,0,0,,,RECEIVE
659,20:57:44,ALLOW,TCP,192.168.91.128,192.168.91.1,47160,445,0,,0,0,0,,,RECEIVE
660,20:57:45,ALLOW,TCP,192.168.91.128,192.168.91.1,47164,445,0,,0,0,0,,,RECEIVE
661,20:58:44,DROP,UDP,192.168.91.15,239.255.255.250,49625,1900,203,,,,,,,RECEIVE
662,20:58:45,ALLOW,UDP,192.168.91.1,239.255.255.250,56094,1900,0,,,,,,,SEND
663,20:58:45,DROP,UDP,192.168.91.15,239.255.255.250,49625,1900,203,,,,,,,RECEIVE
664,20:58:46,DROP,UDP,192.168.91.15,239.255.255.250,49625,1900,203,,,,,,,RECEIVE
665,20:58:47,DROP,UDP,192.168.91.15,239.255.255.250,49625,1900,203,,,,,,,RECEIVE
666,20:59:23,DROP,UDP,192.168.91.128,192.168.91.1,50404,138,28,,,,,,,RECEIVE
667,20:59:23,DROP,UDP,192.168.91.128,192.168.91.1,50406,138,28,,,,,,,RECEIVE
668,21:00:44,DROP,UDP,192.168.91.15,239.255.255.250,59057,1900,203,,,,,,,RECEIVE
669,21:00:45,ALLOW,UDP,192.168.91.1,239.255.255.250,56095,1900,0,,,,,,,SEND
670,21:00:45,DROP,UDP,192.168.91.15,239.255.255.250,59057,1900,203,,,,,,,RECEIVE
671,21:00:46,DROP,UDP,192.168.91.15,239.255.255.250,59057,1900,203,,,,,,,RECEIVE
672,21:00:47,DROP,UDP,192.168.91.15,239.255.255.250,59057,1900,203,,,,,,,RECEIVE
673,21:01:42,DROP,UDP,192.168.91.128,192.168.91.1,50404,56088,68,,,,,,,RECEIVE
674,21:01:42,DROP,UDP,192.168.91.128,192.168.91.1,50406,56088,68,,,,,,,RECEIVE
675,21:02:44,DROP,UDP,192.168.91.15,239.255.255.250,64857,1900,203,,,,,,,RECEIVE
676,21:02:45,ALLOW,UDP,192.168.91.128,192.168.91.1,50404,5353,0,,,,,,,RECEIVE
677,21:02:45,ALLOW,UDP,192.168.91.128,192.168.91.1,50406,5353,0,,,,,,,RECEIVE
678,21:02:45,ALLOW,UDP,192.168.91.1,239.255.255.250,56096,1900,0,,,,,,,SEND
679,21:02:45,DROP,UDP,192.168.91.15,239.255.255.250,64857,1900,203,,,,,,,RECEIVE
680,21:02:46,DROP,UDP,192.168.91.15,239.255.255.250,64857,1900,203,,,,,,,RECEIVE
681,21:02:47,DROP,UDP,192.168.91.128,192.168.91.1,50404,5050,28,,,,,,,RECEIVE
682,21:02:47,DROP,UDP,192.168.91.15,239.255.255.250,64857,1900,203,,,,,,,RECEIVE
683,21:02:47,DROP,UDP,192.168.91.128,192.168.91.1,50406,5050,28,,,,,,,RECEIVE
